Testis,Breast - Mammary Tissue
Adipose - Visceral (Omentum),Uterus
Brain - Hypothalamus,Brain - Substantia nigra
Brain - Cerebellum,Artery - Aorta
Skin - Not Sun Exposed (Suprapubic),Brain - Hippocampus
Skin - Sun Exposed (Lower leg),Pituitary
Brain - Hypothalamus,Brain - Cerebellum
Spleen,Esophagus - Mucosa
Brain - Putamen (basal ganglia),Brain - Substantia nigra
Brain - Cerebellum,Muscle - Skeletal
Testis,Artery - Coronary
Brain - Hippocampus,Brain - Anterior cingulate cortex (BA24)
Breast - Mammary Tissue,Pituitary
Esophagus - Mucosa,Brain - Frontal Cortex (BA9)
Brain - Anterior cingulate cortex (BA24),Skin - Sun Exposed (Lower leg)
Cells - Transformed fibroblasts,Pituitary
Heart - Left Ventricle,Prostate
Stomach,Adipose - Visceral (Omentum)
Ovary,Whole Blood
Cells - EBV-transformed lymphocytes,Breast - Mammary Tissue
Whole Blood,Stomach
Heart - Left Ventricle,Brain - Anterior cingulate cortex (BA24)
Heart - Atrial Appendage,Brain - Cerebellar Hemisphere
Testis,Adipose - Subcutaneous
Lung,Brain - Nucleus accumbens (basal ganglia)
Whole Blood,Cells - Transformed fibroblasts
Skin - Sun Exposed (Lower leg),Adipose - Subcutaneous
Testis,Brain - Nucleus accumbens (basal ganglia)
Muscle - Skeletal,Lung
Brain - Putamen (basal ganglia),Adipose - Visceral (Omentum)
Esophagus - Muscularis,Adipose - Visceral (Omentum)
Ovary,Pituitary
Brain - Frontal Cortex (BA9),Esophagus - Mucosa
Uterus,Colon - Transverse
Vagina,Brain - Caudate (basal ganglia)
Brain - Hypothalamus,Artery - Tibial
Skin - Sun Exposed (Lower leg),Colon - Sigmoid
Brain - Putamen (basal ganglia),Brain - Hypothalamus
Vagina,Heart - Atrial Appendage
Heart - Left Ventricle,Skin - Sun Exposed (Lower leg)
Liver,Esophagus - Muscularis
Prostate,Nerve - Tibial
Heart - Atrial Appendage,Heart - Left Ventricle
Whole Blood,Brain - Cerebellar Hemisphere
Artery - Aorta,Prostate
Spleen,Whole Blood
Heart - Left Ventricle,Spleen
Brain - Amygdala,Nerve - Tibial
Esophagus - Mucosa,Esophagus - Muscularis
Brain - Spinal cord (cervical c-1),Liver
Breast - Mammary Tissue,Prostate
Artery - Tibial,Esophagus - Gastroesophageal Junction
Brain - Amygdala,Brain - Cerebellar Hemisphere
Artery - Aorta,Minor Salivary Gland
Brain - Caudate (basal ganglia),Brain - Hypothalamus
Artery - Aorta,Lung
Whole Blood,Nerve - Tibial
Uterus,Breast - Mammary Tissue
Artery - Coronary,Esophagus - Gastroesophageal Junction
Small Intestine - Terminal Ileum,Artery - Coronary
Breast - Mammary Tissue,Nerve - Tibial
Heart - Left Ventricle,Brain - Spinal cord (cervical c-1)
Skin - Not Sun Exposed (Suprapubic),Liver
Brain - Frontal Cortex (BA9),Brain - Putamen (basal ganglia)
Adrenal Gland,Ovary
Pancreas,Heart - Left Ventricle
Spleen,Esophagus - Gastroesophageal Junction
Heart - Left Ventricle,Brain - Caudate (basal ganglia)
Heart - Left Ventricle,Colon - Sigmoid
Brain - Nucleus accumbens (basal ganglia),Brain - Spinal cord (cervical c-1)
Brain - Caudate (basal ganglia),Brain - Cortex
Heart - Atrial Appendage,Brain - Caudate (basal ganglia)
Muscle - Skeletal,Brain - Nucleus accumbens (basal ganglia)
Brain - Hippocampus,Brain - Frontal Cortex (BA9)
Skin - Sun Exposed (Lower leg),Esophagus - Muscularis
Adipose - Visceral (Omentum),Muscle - Skeletal
Heart - Left Ventricle,Cells - Transformed fibroblasts
Muscle - Skeletal,Ovary
Colon - Sigmoid,Skin - Sun Exposed (Lower leg)
Brain - Nucleus accumbens (basal ganglia),Pituitary
Muscle - Skeletal,Pancreas
Nerve - Tibial,Pituitary
Colon - Sigmoid,Prostate
Breast - Mammary Tissue,Brain - Caudate (basal ganglia)
Stomach,Skin - Sun Exposed (Lower leg)
Colon - Sigmoid,Cells - Transformed fibroblasts
Breast - Mammary Tissue,Adipose - Subcutaneous
Brain - Frontal Cortex (BA9),Colon - Sigmoid
Esophagus - Mucosa,Brain - Cerebellum
Brain - Hypothalamus,Adipose - Visceral (Omentum)
Adipose - Subcutaneous,Ovary
Brain - Caudate (basal ganglia),Liver
Artery - Coronary,Muscle - Skeletal
Esophagus - Muscularis,Adipose - Subcutaneous
Brain - Cerebellum,Brain - Nucleus accumbens (basal ganglia)
Stomach,Kidney - Cortex
Brain - Hypothalamus,Brain - Hippocampus
Cells - Transformed fibroblasts,Prostate
Pituitary,Breast - Mammary Tissue
Adipose - Subcutaneous,Brain - Amygdala
Adipose - Subcutaneous,Spleen
Ovary,Lung
Brain - Amygdala,Brain - Nucleus accumbens (basal ganglia)
Adipose - Visceral (Omentum),Lung
Adrenal Gland,Adipose - Subcutaneous
Thyroid,Artery - Tibial
Esophagus - Muscularis,Kidney - Cortex
Vagina,Pituitary
Minor Salivary Gland,Adipose - Visceral (Omentum)
Thyroid,Pancreas
Prostate,Muscle - Skeletal
Esophagus - Mucosa,Whole Blood
Skin - Sun Exposed (Lower leg),Skin - Not Sun Exposed (Suprapubic)
Uterus,Vagina
Skin - Sun Exposed (Lower leg),Nerve - Tibial
Artery - Aorta,Skin - Sun Exposed (Lower leg)
Breast - Mammary Tissue,Pancreas
Breast - Mammary Tissue,Brain - Hippocampus
Thyroid,Prostate
Whole Blood,Brain - Amygdala
Vagina,Esophagus - Mucosa
Esophagus - Muscularis,Brain - Caudate (basal ganglia)
Artery - Tibial,Lung
Brain - Anterior cingulate cortex (BA24),Liver
Vagina,Adipose - Visceral (Omentum)
Nerve - Tibial,Artery - Aorta
Brain - Spinal cord (cervical c-1),Brain - Putamen (basal ganglia)
Liver,Artery - Tibial
Brain - Cortex,Breast - Mammary Tissue
Skin - Not Sun Exposed (Suprapubic),Muscle - Skeletal
Stomach,Adrenal Gland
Brain - Spinal cord (cervical c-1),Brain - Hypothalamus
Heart - Left Ventricle,Brain - Cerebellum
Esophagus - Muscularis,Brain - Hypothalamus
Breast - Mammary Tissue,Heart - Atrial Appendage
Pituitary,Brain - Spinal cord (cervical c-1)
Brain - Hippocampus,Brain - Amygdala
Nerve - Tibial,Esophagus - Muscularis
Brain - Putamen (basal ganglia),Esophagus - Gastroesophageal Junction
Brain - Cerebellum,Cells - Transformed fibroblasts
Heart - Atrial Appendage,Pituitary
Spleen,Adipose - Visceral (Omentum)
Brain - Cerebellar Hemisphere,Heart - Atrial Appendage
Brain - Hypothalamus,Brain - Cerebellar Hemisphere
Skin - Sun Exposed (Lower leg),Artery - Coronary
Nerve - Tibial,Esophagus - Mucosa
Brain - Hippocampus,Brain - Cerebellum
Adipose - Subcutaneous,Uterus
Brain - Hypothalamus,Skin - Sun Exposed (Lower leg)
Skin - Sun Exposed (Lower leg),Brain - Substantia nigra
Brain - Nucleus accumbens (basal ganglia),Brain - Caudate (basal ganglia)
Pituitary,Brain - Substantia nigra
Skin - Not Sun Exposed (Suprapubic),Adrenal Gland
Colon - Transverse,Small Intestine - Terminal Ileum
Ovary,Artery - Tibial
Testis,Heart - Left Ventricle
Muscle - Skeletal,Heart - Atrial Appendage
Colon - Sigmoid,Lung
Brain - Nucleus accumbens (basal ganglia),Brain - Frontal Cortex (BA9)
Brain - Cerebellar Hemisphere,Nerve - Tibial
Esophagus - Gastroesophageal Junction,Brain - Hippocampus
Brain - Cerebellar Hemisphere,Brain - Spinal cord (cervical c-1)
Whole Blood,Adipose - Subcutaneous
Testis,Heart - Atrial Appendage
Lung,Pituitary
Lung,Heart - Atrial Appendage
Skin - Sun Exposed (Lower leg),Pancreas
Vagina,Esophagus - Muscularis
Colon - Transverse,Breast - Mammary Tissue
Muscle - Skeletal,Esophagus - Gastroesophageal Junction
Brain - Cerebellum,Esophagus - Gastroesophageal Junction
Brain - Cortex,Brain - Spinal cord (cervical c-1)
Adipose - Subcutaneous,Brain - Cerebellar Hemisphere
Esophagus - Muscularis,Liver
Artery - Tibial,Adrenal Gland
Adrenal Gland,Colon - Transverse
Prostate,Adipose - Subcutaneous
Vagina,Liver
Testis,Brain - Substantia nigra
Colon - Transverse,Cells - EBV-transformed lymphocytes
Adrenal Gland,Artery - Tibial
Spleen,Cells - Transformed fibroblasts
Muscle - Skeletal,Brain - Amygdala
Colon - Sigmoid,Artery - Aorta
Heart - Atrial Appendage,Brain - Hippocampus
Brain - Cerebellar Hemisphere,Cells - Transformed fibroblasts
Adipose - Visceral (Omentum),Prostate
Esophagus - Muscularis,Pituitary
Colon - Sigmoid,Muscle - Skeletal
Esophagus - Muscularis,Brain - Amygdala
Esophagus - Mucosa,Skin - Sun Exposed (Lower leg)
Muscle - Skeletal,Artery - Tibial
Heart - Left Ventricle,Esophagus - Mucosa
Skin - Not Sun Exposed (Suprapubic),Brain - Spinal cord (cervical c-1)
Adipose - Subcutaneous,Stomach
Thyroid,Brain - Caudate (basal ganglia)
Liver,Artery - Aorta
Breast - Mammary Tissue,Artery - Coronary
Brain - Frontal Cortex (BA9),Brain - Spinal cord (cervical c-1)
Artery - Tibial,Cells - Transformed fibroblasts
Whole Blood,Ovary
Heart - Atrial Appendage,Esophagus - Muscularis
Esophagus - Muscularis,Minor Salivary Gland
Ovary,Cells - EBV-transformed lymphocytes
Adrenal Gland,Cells - Transformed fibroblasts
Brain - Nucleus accumbens (basal ganglia),Brain - Putamen (basal ganglia)
Colon - Sigmoid,Pancreas
Heart - Left Ventricle,Brain - Frontal Cortex (BA9)
Muscle - Skeletal,Breast - Mammary Tissue
Small Intestine - Terminal Ileum,Prostate
Testis,Brain - Hippocampus
Spleen,Adrenal Gland
Esophagus - Muscularis,Spleen
Heart - Left Ventricle,Brain - Cortex
Brain - Putamen (basal ganglia),Brain - Caudate (basal ganglia)
Thyroid,Brain - Cerebellar Hemisphere
Lung,Breast - Mammary Tissue
Thyroid,Skin - Not Sun Exposed (Suprapubic)
Heart - Atrial Appendage,Small Intestine - Terminal Ileum
Skin - Not Sun Exposed (Suprapubic),Brain - Substantia nigra
Brain - Cerebellum,Minor Salivary Gland
Adipose - Subcutaneous,Esophagus - Muscularis
Brain - Anterior cingulate cortex (BA24),Muscle - Skeletal
Artery - Aorta,Brain - Cerebellum
Lung,Prostate
Nerve - Tibial,Colon - Transverse
Testis,Liver
Esophagus - Gastroesophageal Junction,Brain - Substantia nigra
Whole Blood,Skin - Not Sun Exposed (Suprapubic)
Brain - Anterior cingulate cortex (BA24),Artery - Aorta
Brain - Hippocampus,Adipose - Visceral (Omentum)
Brain - Cerebellar Hemisphere,Skin - Sun Exposed (Lower leg)
Liver,Adrenal Gland
Brain - Amygdala,Brain - Anterior cingulate cortex (BA24)
Brain - Hypothalamus,Lung
Brain - Putamen (basal ganglia),Whole Blood
Brain - Anterior cingulate cortex (BA24),Esophagus - Gastroesophageal Junction
Esophagus - Gastroesophageal Junction,Pituitary
Skin - Not Sun Exposed (Suprapubic),Breast - Mammary Tissue
Heart - Atrial Appendage,Brain - Putamen (basal ganglia)
Nerve - Tibial,Breast - Mammary Tissue
Cells - Transformed fibroblasts,Heart - Left Ventricle
Heart - Atrial Appendage,Brain - Amygdala
Muscle - Skeletal,Adipose - Visceral (Omentum)
Minor Salivary Gland,Colon - Sigmoid
Skin - Not Sun Exposed (Suprapubic),Prostate
Minor Salivary Gland,Cells - EBV-transformed lymphocytes
Liver,Ovary
Minor Salivary Gland,Adrenal Gland
Brain - Putamen (basal ganglia),Prostate
Colon - Sigmoid,Artery - Tibial
Small Intestine - Terminal Ileum,Uterus
Pancreas,Breast - Mammary Tissue
Breast - Mammary Tissue,Spleen
Liver,Muscle - Skeletal
Artery - Aorta,Liver
Colon - Sigmoid,Skin - Not Sun Exposed (Suprapubic)
Skin - Not Sun Exposed (Suprapubic),Nerve - Tibial
Brain - Caudate (basal ganglia),Muscle - Skeletal
Vagina,Artery - Tibial
Pancreas,Colon - Sigmoid
Liver,Brain - Frontal Cortex (BA9)
Spleen,Lung
Breast - Mammary Tissue,Adipose - Visceral (Omentum)
Skin - Not Sun Exposed (Suprapubic),Brain - Cerebellar Hemisphere
Brain - Cerebellum,Brain - Anterior cingulate cortex (BA24)
Esophagus - Muscularis,Brain - Hippocampus
Brain - Putamen (basal ganglia),Brain - Frontal Cortex (BA9)
Thyroid,Stomach
Vagina,Breast - Mammary Tissue
Testis,Brain - Anterior cingulate cortex (BA24)
Colon - Transverse,Esophagus - Muscularis
Thyroid,Pituitary
Brain - Hypothalamus,Minor Salivary Gland
Esophagus - Muscularis,Small Intestine - Terminal Ileum
Brain - Frontal Cortex (BA9),Skin - Not Sun Exposed (Suprapubic)
Brain - Anterior cingulate cortex (BA24),Artery - Tibial
Brain - Amygdala,Skin - Sun Exposed (Lower leg)
Stomach,Esophagus - Mucosa
Brain - Putamen (basal ganglia),Esophagus - Mucosa
Colon - Sigmoid,Colon - Transverse
Brain - Spinal cord (cervical c-1),Cells - Transformed fibroblasts
Thyroid,Brain - Frontal Cortex (BA9)
Liver,Brain - Hippocampus
Vagina,Small Intestine - Terminal Ileum
Brain - Putamen (basal ganglia),Pituitary
Brain - Caudate (basal ganglia),Lung
Minor Salivary Gland,Heart - Left Ventricle
Heart - Left Ventricle,Kidney - Cortex
Brain - Hippocampus,Brain - Hypothalamus
Brain - Cerebellum,Whole Blood
Brain - Frontal Cortex (BA9),Lung
Colon - Transverse,Uterus
Heart - Atrial Appendage,Prostate
Testis,Stomach
Vagina,Spleen
Artery - Aorta,Brain - Frontal Cortex (BA9)
Adipose - Subcutaneous,Brain - Spinal cord (cervical c-1)
Prostate,Spleen
Nerve - Tibial,Pancreas
Minor Salivary Gland,Small Intestine - Terminal Ileum
Uterus,Esophagus - Muscularis
Pituitary,Artery - Tibial
Pituitary,Liver
Cells - Transformed fibroblasts,Heart - Atrial Appendage
Artery - Tibial,Minor Salivary Gland
Muscle - Skeletal,Skin - Sun Exposed (Lower leg)
Adipose - Visceral (Omentum),Liver
Nerve - Tibial,Whole Blood
Brain - Hypothalamus,Cells - Transformed fibroblasts
Brain - Putamen (basal ganglia),Colon - Sigmoid
Heart - Left Ventricle,Breast - Mammary Tissue
Stomach,Colon - Sigmoid
Small Intestine - Terminal Ileum,Cells - Transformed fibroblasts
Colon - Transverse,Esophagus - Mucosa
Artery - Tibial,Pituitary
Esophagus - Muscularis,Heart - Left Ventricle
Artery - Coronary,Prostate
Artery - Coronary,Artery - Aorta
Brain - Spinal cord (cervical c-1),Colon - Sigmoid
Lung,Ovary
Thyroid,Spleen
Liver,Uterus
Skin - Sun Exposed (Lower leg),Small Intestine - Terminal Ileum
Lung,Whole Blood
Brain - Anterior cingulate cortex (BA24),Prostate
Muscle - Skeletal,Brain - Hypothalamus
Skin - Not Sun Exposed (Suprapubic),Brain - Amygdala
Skin - Not Sun Exposed (Suprapubic),Brain - Hypothalamus
Adipose - Subcutaneous,Breast - Mammary Tissue
Brain - Putamen (basal ganglia),Brain - Cerebellum
Uterus,Artery - Tibial
Adipose - Subcutaneous,Prostate
Nerve - Tibial,Ovary
Adipose - Visceral (Omentum),Breast - Mammary Tissue
Uterus,Pancreas
Uterus,Lung
Esophagus - Muscularis,Uterus
Uterus,Minor Salivary Gland
Thyroid,Vagina
Whole Blood,Brain - Hypothalamus
Adipose - Subcutaneous,Colon - Transverse
Testis,Brain - Caudate (basal ganglia)
Artery - Tibial,Colon - Sigmoid
Artery - Coronary,Brain - Substantia nigra
Thyroid,Brain - Cerebellum
Brain - Frontal Cortex (BA9),Brain - Substantia nigra
Skin - Not Sun Exposed (Suprapubic),Heart - Atrial Appendage
Breast - Mammary Tissue,Whole Blood
Brain - Caudate (basal ganglia),Cells - Transformed fibroblasts
Artery - Tibial,Artery - Aorta
Brain - Putamen (basal ganglia),Liver
Heart - Atrial Appendage,Adipose - Subcutaneous
Adipose - Visceral (Omentum),Colon - Sigmoid
Esophagus - Muscularis,Esophagus - Gastroesophageal Junction
Brain - Nucleus accumbens (basal ganglia),Artery - Tibial
Lung,Artery - Coronary
Vagina,Ovary
Esophagus - Muscularis,Brain - Nucleus accumbens (basal ganglia)
Whole Blood,Brain - Cerebellum
Colon - Transverse,Artery - Coronary
Adipose - Visceral (Omentum),Adipose - Subcutaneous
Esophagus - Mucosa,Artery - Tibial
Adrenal Gland,Artery - Aorta
Brain - Spinal cord (cervical c-1),Adipose - Subcutaneous
Kidney - Cortex,Adrenal Gland
Brain - Cerebellar Hemisphere,Brain - Substantia nigra
Testis,Skin - Sun Exposed (Lower leg)
Thyroid,Liver
Small Intestine - Terminal Ileum,Esophagus - Mucosa
Thyroid,Cells - EBV-transformed lymphocytes
Brain - Spinal cord (cervical c-1),Brain - Nucleus accumbens (basal ganglia)
Artery - Tibial,Pancreas
Thyroid,Colon - Sigmoid
Brain - Cerebellum,Adipose - Visceral (Omentum)
Esophagus - Muscularis,Brain - Spinal cord (cervical c-1)
Artery - Tibial,Brain - Caudate (basal ganglia)
Adipose - Subcutaneous,Brain - Substantia nigra
Esophagus - Mucosa,Brain - Hypothalamus
Colon - Transverse,Adrenal Gland
Adipose - Subcutaneous,Vagina
Artery - Coronary,Nerve - Tibial
Adipose - Subcutaneous,Skin - Sun Exposed (Lower leg)
Brain - Frontal Cortex (BA9),Nerve - Tibial
Brain - Cerebellum,Testis
Brain - Cerebellum,Esophagus - Mucosa
Brain - Amygdala,Whole Blood
Thyroid,Esophagus - Muscularis
Kidney - Cortex,Muscle - Skeletal
Breast - Mammary Tissue,Esophagus - Mucosa
Brain - Hypothalamus,Artery - Aorta
Small Intestine - Terminal Ileum,Heart - Left Ventricle
Artery - Aorta,Brain - Substantia nigra
Whole Blood,Brain - Putamen (basal ganglia)
Kidney - Cortex,Colon - Sigmoid
Brain - Caudate (basal ganglia),Adipose - Visceral (Omentum)
Thyroid,Brain - Hypothalamus
Brain - Amygdala,Brain - Putamen (basal ganglia)
Adipose - Subcutaneous,Heart - Left Ventricle
Stomach,Breast - Mammary Tissue
Artery - Coronary,Colon - Transverse
Brain - Frontal Cortex (BA9),Brain - Hippocampus
Small Intestine - Terminal Ileum,Nerve - Tibial
Adipose - Subcutaneous,Heart - Atrial Appendage
Stomach,Pituitary
Esophagus - Mucosa,Cells - EBV-transformed lymphocytes
Brain - Cortex,Brain - Anterior cingulate cortex (BA24)
Adipose - Subcutaneous,Brain - Caudate (basal ganglia)
Uterus,Cells - Transformed fibroblasts
Testis,Pituitary
Pancreas,Nerve - Tibial
Whole Blood,Small Intestine - Terminal Ileum
Artery - Aorta,Colon - Sigmoid
Muscle - Skeletal,Minor Salivary Gland
Ovary,Nerve - Tibial
Pituitary,Heart - Left Ventricle
Muscle - Skeletal,Uterus
Liver,Skin - Sun Exposed (Lower leg)
Brain - Hippocampus,Pituitary
Skin - Not Sun Exposed (Suprapubic),Brain - Cortex
Ovary,Artery - Aorta
Muscle - Skeletal,Pituitary
Skin - Sun Exposed (Lower leg),Vagina
Whole Blood,Esophagus - Mucosa
Colon - Transverse,Heart - Left Ventricle
Esophagus - Muscularis,Artery - Tibial
Colon - Sigmoid,Ovary
Skin - Sun Exposed (Lower leg),Brain - Caudate (basal ganglia)
Cells - Transformed fibroblasts,Brain - Anterior cingulate cortex (BA24)
Esophagus - Muscularis,Stomach
Brain - Nucleus accumbens (basal ganglia),Cells - Transformed fibroblasts
Esophagus - Mucosa,Prostate
Artery - Aorta,Nerve - Tibial
Heart - Left Ventricle,Ovary
Heart - Atrial Appendage,Artery - Coronary
Ovary,Colon - Sigmoid
Esophagus - Gastroesophageal Junction,Brain - Hypothalamus
Cells - Transformed fibroblasts,Small Intestine - Terminal Ileum
Esophagus - Muscularis,Skin - Sun Exposed (Lower leg)
Adipose - Subcutaneous,Artery - Aorta
Whole Blood,Brain - Frontal Cortex (BA9)
Brain - Frontal Cortex (BA9),Brain - Nucleus accumbens (basal ganglia)
Prostate,Colon - Transverse
Brain - Nucleus accumbens (basal ganglia),Brain - Substantia nigra
Brain - Anterior cingulate cortex (BA24),Brain - Caudate (basal ganglia)
Heart - Left Ventricle,Cells - EBV-transformed lymphocytes
Colon - Transverse,Pancreas
Stomach,Cells - EBV-transformed lymphocytes
Adipose - Subcutaneous,Colon - Sigmoid
Artery - Tibial,Colon - Transverse
Brain - Caudate (basal ganglia),Adipose - Subcutaneous
Adipose - Subcutaneous,Liver
Thyroid,Skin - Sun Exposed (Lower leg)
Prostate,Brain - Cortex
Spleen,Minor Salivary Gland
Pituitary,Colon - Sigmoid
Stomach,Artery - Aorta
Artery - Aorta,Adipose - Subcutaneous
Muscle - Skeletal,Cells - EBV-transformed lymphocytes
Pituitary,Muscle - Skeletal
Heart - Left Ventricle,Small Intestine - Terminal Ileum
Brain - Nucleus accumbens (basal ganglia),Breast - Mammary Tissue
Pancreas,Esophagus - Mucosa
Skin - Not Sun Exposed (Suprapubic),Cells - EBV-transformed lymphocytes
Small Intestine - Terminal Ileum,Colon - Transverse
Brain - Anterior cingulate cortex (BA24),Artery - Coronary
Brain - Frontal Cortex (BA9),Brain - Anterior cingulate cortex (BA24)
Stomach,Esophagus - Muscularis
Adrenal Gland,Liver
Brain - Nucleus accumbens (basal ganglia),Adipose - Visceral (Omentum)
Stomach,Skin - Not Sun Exposed (Suprapubic)
Skin - Not Sun Exposed (Suprapubic),Ovary
Thyroid,Brain - Nucleus accumbens (basal ganglia)
Uterus,Whole Blood
Pancreas,Adipose - Subcutaneous
Thyroid,Small Intestine - Terminal Ileum
Heart - Atrial Appendage,Uterus
Artery - Coronary,Pancreas
Whole Blood,Artery - Coronary
Adipose - Subcutaneous,Pituitary
Brain - Cortex,Brain - Substantia nigra
Colon - Sigmoid,Esophagus - Mucosa
Muscle - Skeletal,Brain - Anterior cingulate cortex (BA24)
Lung,Small Intestine - Terminal Ileum
Muscle - Skeletal,Whole Blood
Pituitary,Colon - Transverse
Pituitary,Lung
Brain - Hippocampus,Brain - Putamen (basal ganglia)
Brain - Cerebellum,Uterus
Nerve - Tibial,Lung
Whole Blood,Testis
Brain - Frontal Cortex (BA9),Heart - Left Ventricle
Brain - Cerebellum,Lung
Brain - Frontal Cortex (BA9),Brain - Cortex
Muscle - Skeletal,Prostate
Brain - Anterior cingulate cortex (BA24),Whole Blood
Colon - Sigmoid,Brain - Substantia nigra
Thyroid,Brain - Spinal cord (cervical c-1)
Lung,Cells - EBV-transformed lymphocytes
Brain - Cerebellum,Brain - Frontal Cortex (BA9)
Brain - Caudate (basal ganglia),Artery - Tibial
Stomach,Spleen
Heart - Atrial Appendage,Cells - Transformed fibroblasts
Liver,Esophagus - Gastroesophageal Junction
Artery - Tibial,Esophagus - Muscularis
Artery - Coronary,Spleen
Colon - Transverse,Prostate
Adipose - Visceral (Omentum),Artery - Aorta
Esophagus - Gastroesophageal Junction,Artery - Tibial
Adipose - Subcutaneous,Esophagus - Gastroesophageal Junction
Brain - Anterior cingulate cortex (BA24),Pituitary
Artery - Aorta,Adipose - Visceral (Omentum)
Minor Salivary Gland,Whole Blood
Whole Blood,Kidney - Cortex
Stomach,Heart - Atrial Appendage
Colon - Transverse,Minor Salivary Gland
Vagina,Artery - Coronary
Brain - Amygdala,Colon - Sigmoid
Colon - Transverse,Lung
Liver,Heart - Atrial Appendage
Heart - Atrial Appendage,Brain - Substantia nigra
Artery - Coronary,Adipose - Visceral (Omentum)
Brain - Cortex,Heart - Left Ventricle
Whole Blood,Artery - Aorta
Brain - Spinal cord (cervical c-1),Breast - Mammary Tissue
Liver,Whole Blood
Brain - Putamen (basal ganglia),Skin - Sun Exposed (Lower leg)
Stomach,Esophagus - Gastroesophageal Junction
Artery - Aorta,Pituitary
Brain - Frontal Cortex (BA9),Brain - Hypothalamus
Ovary,Heart - Left Ventricle
Prostate,Artery - Aorta
Colon - Sigmoid,Nerve - Tibial
Brain - Cerebellar Hemisphere,Lung
Lung,Brain - Spinal cord (cervical c-1)
Brain - Cerebellum,Breast - Mammary Tissue
Brain - Nucleus accumbens (basal ganglia),Brain - Cerebellum
Cells - Transformed fibroblasts,Uterus
Stomach,Artery - Coronary
Esophagus - Muscularis,Whole Blood
Brain - Cerebellar Hemisphere,Prostate
Liver,Pancreas
Adipose - Subcutaneous,Small Intestine - Terminal Ileum
Brain - Frontal Cortex (BA9),Brain - Caudate (basal ganglia)
Brain - Caudate (basal ganglia),Pituitary
Small Intestine - Terminal Ileum,Breast - Mammary Tissue
Whole Blood,Heart - Atrial Appendage
Brain - Frontal Cortex (BA9),Brain - Cerebellum
Skin - Not Sun Exposed (Suprapubic),Vagina
Adipose - Subcutaneous,Brain - Hippocampus
Kidney - Cortex,Nerve - Tibial
Brain - Cerebellum,Adipose - Subcutaneous
Nerve - Tibial,Brain - Substantia nigra
Brain - Cerebellum,Brain - Substantia nigra
Esophagus - Gastroesophageal Junction,Skin - Sun Exposed (Lower leg)
Testis,Artery - Tibial
Skin - Not Sun Exposed (Suprapubic),Artery - Coronary
Brain - Cortex,Brain - Cerebellum
Artery - Tibial,Brain - Nucleus accumbens (basal ganglia)
Brain - Hippocampus,Brain - Nucleus accumbens (basal ganglia)
Small Intestine - Terminal Ileum,Skin - Sun Exposed (Lower leg)
Pituitary,Cells - Transformed fibroblasts
Esophagus - Gastroesophageal Junction,Uterus
Thyroid,Lung
Skin - Not Sun Exposed (Suprapubic),Artery - Aorta
Brain - Cortex,Muscle - Skeletal
Breast - Mammary Tissue,Brain - Amygdala
Nerve - Tibial,Cells - Transformed fibroblasts
Brain - Putamen (basal ganglia),Artery - Aorta
Adipose - Visceral (Omentum),Heart - Atrial Appendage
Kidney - Cortex,Cells - Transformed fibroblasts
Heart - Atrial Appendage,Breast - Mammary Tissue
Breast - Mammary Tissue,Artery - Tibial
Artery - Coronary,Adipose - Subcutaneous
Whole Blood,Vagina
Skin - Not Sun Exposed (Suprapubic),Esophagus - Mucosa
Colon - Transverse,Skin - Sun Exposed (Lower leg)
Testis,Esophagus - Gastroesophageal Junction
Pancreas,Whole Blood
Brain - Frontal Cortex (BA9),Prostate
Cells - EBV-transformed lymphocytes,Pancreas
Brain - Cerebellar Hemisphere,Pituitary
Heart - Atrial Appendage,Lung
Esophagus - Muscularis,Colon - Sigmoid
Lung,Esophagus - Gastroesophageal Junction
Brain - Cerebellum,Adrenal Gland
Skin - Not Sun Exposed (Suprapubic),Small Intestine - Terminal Ileum
Testis,Pancreas
Spleen,Uterus
Brain - Anterior cingulate cortex (BA24),Skin - Not Sun Exposed (Suprapubic)
Skin - Not Sun Exposed (Suprapubic),Whole Blood
Pancreas,Minor Salivary Gland
Prostate,Minor Salivary Gland
Thyroid,Muscle - Skeletal
Prostate,Lung
Artery - Aorta,Brain - Caudate (basal ganglia)
Liver,Colon - Sigmoid
Adrenal Gland,Testis
Brain - Putamen (basal ganglia),Nerve - Tibial
Esophagus - Mucosa,Vagina
Adrenal Gland,Heart - Atrial Appendage
Uterus,Cells - EBV-transformed lymphocytes
Pituitary,Adipose - Visceral (Omentum)
Artery - Coronary,Ovary
Skin - Not Sun Exposed (Suprapubic),Brain - Putamen (basal ganglia)
Uterus,Colon - Sigmoid
Artery - Tibial,Muscle - Skeletal
Artery - Aorta,Adrenal Gland
Brain - Spinal cord (cervical c-1),Brain - Cerebellum
Colon - Transverse,Artery - Aorta
Esophagus - Gastroesophageal Junction,Artery - Aorta
Brain - Anterior cingulate cortex (BA24),Nerve - Tibial
Adrenal Gland,Esophagus - Gastroesophageal Junction
Adipose - Subcutaneous,Brain - Hypothalamus
Artery - Aorta,Brain - Nucleus accumbens (basal ganglia)
Cells - Transformed fibroblasts,Liver
Brain - Frontal Cortex (BA9),Pituitary
Colon - Sigmoid,Adipose - Visceral (Omentum)
Esophagus - Muscularis,Breast - Mammary Tissue
Brain - Caudate (basal ganglia),Brain - Frontal Cortex (BA9)
Adrenal Gland,Muscle - Skeletal
Prostate,Brain - Nucleus accumbens (basal ganglia)
Spleen,Testis
Esophagus - Mucosa,Heart - Left Ventricle
Colon - Sigmoid,Esophagus - Muscularis
Whole Blood,Prostate
Adipose - Visceral (Omentum),Brain - Substantia nigra
Brain - Putamen (basal ganglia),Cells - Transformed fibroblasts
Brain - Cortex,Brain - Hypothalamus
Skin - Sun Exposed (Lower leg),Artery - Tibial
Thyroid,Brain - Substantia nigra
Small Intestine - Terminal Ileum,Adipose - Visceral (Omentum)
Pancreas,Cells - EBV-transformed lymphocytes
Brain - Cortex,Brain - Amygdala
Heart - Left Ventricle,Esophagus - Muscularis
Ovary,Adipose - Visceral (Omentum)
Brain - Anterior cingulate cortex (BA24),Colon - Sigmoid
Bladder,Muscle - Skeletal
Nerve - Tibial,Adrenal Gland
Skin - Sun Exposed (Lower leg),Minor Salivary Gland
Brain - Spinal cord (cervical c-1),Lung
Whole Blood,Breast - Mammary Tissue
Pituitary,Minor Salivary Gland
Stomach,Uterus
Esophagus - Gastroesophageal Junction,Pancreas
Skin - Not Sun Exposed (Suprapubic),Testis
Stomach,Cells - Transformed fibroblasts
Adipose - Subcutaneous,Whole Blood
Vagina,Adipose - Subcutaneous
Brain - Cortex,Artery - Tibial
Brain - Putamen (basal ganglia),Brain - Spinal cord (cervical c-1)
Artery - Tibial,Brain - Substantia nigra
Heart - Atrial Appendage,Adipose - Visceral (Omentum)
Thyroid,Cells - Transformed fibroblasts
Esophagus - Mucosa,Colon - Sigmoid
Brain - Amygdala,Brain - Substantia nigra
Liver,Nerve - Tibial
Brain - Hippocampus,Nerve - Tibial
Brain - Putamen (basal ganglia),Minor Salivary Gland
Adipose - Subcutaneous,Pancreas
Minor Salivary Gland,Artery - Aorta
Brain - Putamen (basal ganglia),Brain - Hippocampus
Artery - Aorta,Cells - EBV-transformed lymphocytes
Thyroid,Artery - Aorta
Whole Blood,Skin - Sun Exposed (Lower leg)
Whole Blood,Brain - Substantia nigra
Kidney - Cortex,Lung
Brain - Anterior cingulate cortex (BA24),Brain - Substantia nigra
Breast - Mammary Tissue,Stomach
Brain - Putamen (basal ganglia),Brain - Cerebellar Hemisphere
Brain - Cerebellar Hemisphere,Brain - Caudate (basal ganglia)
Prostate,Brain - Hippocampus
Esophagus - Mucosa,Uterus
Breast - Mammary Tissue,Brain - Substantia nigra
Brain - Anterior cingulate cortex (BA24),Brain - Frontal Cortex (BA9)
Colon - Transverse,Whole Blood
Prostate,Skin - Sun Exposed (Lower leg)
Heart - Left Ventricle,Nerve - Tibial
Brain - Putamen (basal ganglia),Brain - Nucleus accumbens (basal ganglia)
Skin - Not Sun Exposed (Suprapubic),Colon - Transverse
Pituitary,Adipose - Subcutaneous
Adipose - Visceral (Omentum),Nerve - Tibial
Stomach,Brain - Nucleus accumbens (basal ganglia)
Thyroid,Minor Salivary Gland
Pituitary,Brain - Cerebellar Hemisphere
Liver,Brain - Nucleus accumbens (basal ganglia)
Brain - Caudate (basal ganglia),Colon - Sigmoid
Liver,Cells - Transformed fibroblasts
Brain - Hippocampus,Cells - Transformed fibroblasts
Skin - Sun Exposed (Lower leg),Lung
Brain - Anterior cingulate cortex (BA24),Breast - Mammary Tissue
Brain - Amygdala,Adipose - Visceral (Omentum)
Whole Blood,Brain - Spinal cord (cervical c-1)
Thyroid,Brain - Anterior cingulate cortex (BA24)
Thyroid,Uterus
Skin - Not Sun Exposed (Suprapubic),Heart - Left Ventricle
Brain - Hippocampus,Heart - Atrial Appendage
Small Intestine - Terminal Ileum,Ovary
Brain - Spinal cord (cervical c-1),Brain - Frontal Cortex (BA9)
Whole Blood,Esophagus - Muscularis
Heart - Atrial Appendage,Ovary
Brain - Amygdala,Brain - Spinal cord (cervical c-1)
Artery - Tibial,Nerve - Tibial
Spleen,Artery - Tibial
Liver,Brain - Spinal cord (cervical c-1)
Brain - Anterior cingulate cortex (BA24),Brain - Hippocampus
Liver,Brain - Substantia nigra
Brain - Hippocampus,Brain - Substantia nigra
Brain - Hippocampus,Brain - Cortex
Prostate,Colon - Sigmoid
Brain - Putamen (basal ganglia),Brain - Anterior cingulate cortex (BA24)
Heart - Left Ventricle,Pituitary
Esophagus - Mucosa,Liver
Esophagus - Mucosa,Testis
Prostate,Cells - EBV-transformed lymphocytes
Breast - Mammary Tissue,Ovary
Pancreas,Spleen
Prostate,Adrenal Gland
Brain - Cerebellar Hemisphere,Artery - Coronary
Brain - Caudate (basal ganglia),Brain - Cerebellum
Heart - Atrial Appendage,Esophagus - Mucosa
Artery - Coronary,Brain - Hypothalamus
Brain - Anterior cingulate cortex (BA24),Brain - Nucleus accumbens (basal ganglia)
Testis,Skin - Not Sun Exposed (Suprapubic)
Artery - Tibial,Breast - Mammary Tissue
Heart - Left Ventricle,Brain - Substantia nigra
Brain - Cortex,Brain - Cerebellar Hemisphere
Skin - Sun Exposed (Lower leg),Muscle - Skeletal
Brain - Anterior cingulate cortex (BA24),Brain - Putamen (basal ganglia)
Brain - Hippocampus,Heart - Left Ventricle
Skin - Sun Exposed (Lower leg),Artery - Aorta
Esophagus - Mucosa,Minor Salivary Gland
Thyroid,Whole Blood
Brain - Hypothalamus,Brain - Amygdala
Esophagus - Gastroesophageal Junction,Colon - Transverse
Brain - Anterior cingulate cortex (BA24),Brain - Spinal cord (cervical c-1)
Artery - Tibial,Ovary
Minor Salivary Gland,Lung
Uterus,Heart - Left Ventricle
Stomach,Muscle - Skeletal
Minor Salivary Gland,Artery - Tibial
Brain - Caudate (basal ganglia),Brain - Hippocampus
Adipose - Visceral (Omentum),Brain - Nucleus accumbens (basal ganglia)
Breast - Mammary Tissue,Lung
Heart - Atrial Appendage,Adrenal Gland
Heart - Left Ventricle,Whole Blood
Breast - Mammary Tissue,Uterus
Lung,Brain - Anterior cingulate cortex (BA24)
Pancreas,Stomach
Liver,Prostate
Esophagus - Muscularis,Cells - EBV-transformed lymphocytes
Brain - Anterior cingulate cortex (BA24),Brain - Cerebellum
Heart - Left Ventricle,Muscle - Skeletal
Brain - Caudate (basal ganglia),Brain - Nucleus accumbens (basal ganglia)
Brain - Hypothalamus,Breast - Mammary Tissue
Artery - Aorta,Esophagus - Muscularis
Skin - Sun Exposed (Lower leg),Brain - Amygdala
Vagina,Brain - Cortex
Brain - Anterior cingulate cortex (BA24),Heart - Left Ventricle
Prostate,Heart - Left Ventricle
Skin - Not Sun Exposed (Suprapubic),Pancreas
Esophagus - Mucosa,Brain - Caudate (basal ganglia)
Pituitary,Brain - Amygdala
Adipose - Subcutaneous,Skin - Not Sun Exposed (Suprapubic)
Skin - Sun Exposed (Lower leg),Ovary
Colon - Transverse,Ovary
Brain - Hippocampus,Lung
Stomach,Testis
Artery - Tibial,Liver
Brain - Hippocampus,Brain - Caudate (basal ganglia)
Brain - Cerebellar Hemisphere,Colon - Sigmoid
Brain - Amygdala,Brain - Cerebellum
Brain - Frontal Cortex (BA9),Skin - Sun Exposed (Lower leg)
Cells - Transformed fibroblasts,Whole Blood
Colon - Sigmoid,Cells - EBV-transformed lymphocytes
Nerve - Tibial,Muscle - Skeletal
Skin - Sun Exposed (Lower leg),Spleen
Artery - Aorta,Uterus
Brain - Cerebellum,Brain - Hippocampus
Stomach,Brain - Cerebellum
Thyroid,Brain - Cortex
Liver,Heart - Left Ventricle
Pancreas,Adipose - Visceral (Omentum)
Pancreas,Muscle - Skeletal
Spleen,Small Intestine - Terminal Ileum
Brain - Caudate (basal ganglia),Heart - Left Ventricle
Breast - Mammary Tissue,Adrenal Gland
Esophagus - Gastroesophageal Junction,Ovary
Lung,Pancreas
Heart - Atrial Appendage,Cells - EBV-transformed lymphocytes
Skin - Sun Exposed (Lower leg),Uterus
Adipose - Visceral (Omentum),Vagina
Esophagus - Muscularis,Brain - Cerebellum
Thyroid,Brain - Amygdala
Breast - Mammary Tissue,Brain - Nucleus accumbens (basal ganglia)
Stomach,Minor Salivary Gland
Heart - Atrial Appendage,Liver
Brain - Cerebellum,Artery - Tibial
Small Intestine - Terminal Ileum,Liver
Pituitary,Brain - Nucleus accumbens (basal ganglia)
Stomach,Artery - Tibial
Brain - Cerebellum,Brain - Spinal cord (cervical c-1)
Spleen,Artery - Coronary
Brain - Anterior cingulate cortex (BA24),Brain - Cortex
Brain - Hypothalamus,Nerve - Tibial
Heart - Left Ventricle,Heart - Atrial Appendage
Adrenal Gland,Nerve - Tibial
Spleen,Liver
Brain - Hypothalamus,Heart - Left Ventricle
Brain - Nucleus accumbens (basal ganglia),Lung
Skin - Sun Exposed (Lower leg),Esophagus - Mucosa
Brain - Cerebellum,Brain - Amygdala
Artery - Tibial,Heart - Atrial Appendage
Brain - Cerebellum,Brain - Putamen (basal ganglia)
Brain - Amygdala,Brain - Hippocampus
Testis,Kidney - Cortex
Brain - Amygdala,Artery - Tibial
Pancreas,Lung
Ovary,Minor Salivary Gland
Brain - Cortex,Colon - Sigmoid
Adipose - Subcutaneous,Adrenal Gland
Brain - Caudate (basal ganglia),Skin - Sun Exposed (Lower leg)
Testis,Artery - Aorta
Breast - Mammary Tissue,Skin - Sun Exposed (Lower leg)
Testis,Spleen
Thyroid,Heart - Atrial Appendage
Brain - Cerebellar Hemisphere,Adipose - Subcutaneous
Artery - Coronary,Esophagus - Muscularis
Esophagus - Mucosa,Pituitary
Uterus,Adrenal Gland
Artery - Tibial,Brain - Hypothalamus
Esophagus - Mucosa,Brain - Amygdala
Liver,Brain - Cortex
Skin - Not Sun Exposed (Suprapubic),Skin - Sun Exposed (Lower leg)
Esophagus - Mucosa,Brain - Spinal cord (cervical c-1)
Artery - Aorta,Kidney - Cortex
Adipose - Subcutaneous,Muscle - Skeletal
Brain - Amygdala,Brain - Frontal Cortex (BA9)
Vagina,Uterus
Heart - Atrial Appendage,Brain - Nucleus accumbens (basal ganglia)
Esophagus - Mucosa,Adipose - Visceral (Omentum)
Artery - Coronary,Heart - Atrial Appendage
Uterus,Muscle - Skeletal
Brain - Cortex,Lung
Muscle - Skeletal,Cells - Transformed fibroblasts
Adipose - Visceral (Omentum),Brain - Caudate (basal ganglia)
Heart - Left Ventricle,Skin - Not Sun Exposed (Suprapubic)
Esophagus - Muscularis,Brain - Cortex
Pituitary,Brain - Caudate (basal ganglia)
Artery - Aorta,Muscle - Skeletal
Brain - Cortex,Uterus
Esophagus - Mucosa,Heart - Atrial Appendage
Brain - Anterior cingulate cortex (BA24),Brain - Hypothalamus
Cells - Transformed fibroblasts,Ovary
Brain - Putamen (basal ganglia),Heart - Left Ventricle
Lung,Artery - Tibial
Skin - Not Sun Exposed (Suprapubic),Colon - Sigmoid
Brain - Nucleus accumbens (basal ganglia),Colon - Sigmoid
Stomach,Small Intestine - Terminal Ileum
Heart - Left Ventricle,Minor Salivary Gland
Artery - Aorta,Brain - Cortex
Brain - Hippocampus,Brain - Cerebellar Hemisphere
Prostate,Pancreas
Esophagus - Gastroesophageal Junction,Spleen
Brain - Amygdala,Adipose - Subcutaneous
Liver,Brain - Caudate (basal ganglia)
Liver,Colon - Transverse
Artery - Coronary,Liver
Artery - Coronary,Whole Blood
Pancreas,Esophagus - Muscularis
Cells - Transformed fibroblasts,Breast - Mammary Tissue
Brain - Nucleus accumbens (basal ganglia),Artery - Aorta
Brain - Cerebellar Hemisphere,Brain - Cortex
Muscle - Skeletal,Small Intestine - Terminal Ileum
Colon - Transverse,Artery - Tibial
Artery - Tibial,Brain - Cerebellar Hemisphere
Testis,Cells - EBV-transformed lymphocytes
Brain - Cortex,Brain - Nucleus accumbens (basal ganglia)
Nerve - Tibial,Prostate
Skin - Sun Exposed (Lower leg),Whole Blood
Spleen,Pancreas
Muscle - Skeletal,Esophagus - Mucosa
Liver,Brain - Hypothalamus
Adipose - Subcutaneous,Brain - Nucleus accumbens (basal ganglia)
Breast - Mammary Tissue,Brain - Cortex
Cells - Transformed fibroblasts,Nerve - Tibial
Breast - Mammary Tissue,Heart - Left Ventricle
Heart - Left Ventricle,Brain - Nucleus accumbens (basal ganglia)
Esophagus - Muscularis,Artery - Aorta
Ovary,Cells - Transformed fibroblasts
Lung,Cells - Transformed fibroblasts
Heart - Left Ventricle,Adipose - Visceral (Omentum)
Brain - Cerebellar Hemisphere,Artery - Aorta
Muscle - Skeletal,Brain - Spinal cord (cervical c-1)
Skin - Not Sun Exposed (Suprapubic),Adipose - Visceral (Omentum)
Uterus,Artery - Aorta
Adipose - Visceral (Omentum),Cells - EBV-transformed lymphocytes
Skin - Sun Exposed (Lower leg),Heart - Atrial Appendage
Artery - Aorta,Brain - Amygdala
Nerve - Tibial,Heart - Atrial Appendage
Esophagus - Mucosa,Brain - Cerebellar Hemisphere
Esophagus - Mucosa,Lung
Skin - Not Sun Exposed (Suprapubic),Brain - Anterior cingulate cortex (BA24)
Nerve - Tibial,Small Intestine - Terminal Ileum
Pancreas,Adrenal Gland
Brain - Nucleus accumbens (basal ganglia),Brain - Anterior cingulate cortex (BA24)
Whole Blood,Uterus
Testis,Small Intestine - Terminal Ileum
Esophagus - Muscularis,Artery - Coronary
Brain - Spinal cord (cervical c-1),Muscle - Skeletal
Artery - Aorta,Heart - Left Ventricle
Testis,Colon - Transverse
Testis,Minor Salivary Gland
Thyroid,Esophagus - Mucosa
Brain - Spinal cord (cervical c-1),Brain - Cortex
Adipose - Visceral (Omentum),Pituitary
Testis,Prostate
Heart - Atrial Appendage,Minor Salivary Gland
Pancreas,Skin - Sun Exposed (Lower leg)
Cells - Transformed fibroblasts,Brain - Substantia nigra
Skin - Sun Exposed (Lower leg),Testis
Brain - Cortex,Cells - Transformed fibroblasts
Pituitary,Brain - Cerebellum
Esophagus - Gastroesophageal Junction,Cells - EBV-transformed lymphocytes
Heart - Atrial Appendage,Artery - Tibial
Brain - Cerebellar Hemisphere,Artery - Tibial
Brain - Cerebellar Hemisphere,Whole Blood
Vagina,Whole Blood
Nerve - Tibial,Brain - Spinal cord (cervical c-1)
Small Intestine - Terminal Ileum,Whole Blood
Heart - Left Ventricle,Stomach
Brain - Frontal Cortex (BA9),Artery - Aorta
Brain - Caudate (basal ganglia),Nerve - Tibial
Brain - Cerebellar Hemisphere,Brain - Amygdala
Whole Blood,Brain - Nucleus accumbens (basal ganglia)
Artery - Aorta,Pancreas
Brain - Amygdala,Pituitary
Skin - Sun Exposed (Lower leg),Brain - Cortex
Pituitary,Skin - Sun Exposed (Lower leg)
Liver,Pituitary
Spleen,Breast - Mammary Tissue
Prostate,Breast - Mammary Tissue
Brain - Spinal cord (cervical c-1),Brain - Hippocampus
Vagina,Cells - EBV-transformed lymphocytes
Colon - Transverse,Adipose - Subcutaneous
Brain - Nucleus accumbens (basal ganglia),Minor Salivary Gland
Skin - Sun Exposed (Lower leg),Breast - Mammary Tissue
Pituitary,Whole Blood
Whole Blood,Spleen
Brain - Caudate (basal ganglia),Artery - Aorta
Brain - Hippocampus,Whole Blood
Artery - Aorta,Stomach
Thyroid,Heart - Left Ventricle
Esophagus - Muscularis,Nerve - Tibial
Colon - Sigmoid,Esophagus - Gastroesophageal Junction
Brain - Cortex,Heart - Atrial Appendage
Esophagus - Gastroesophageal Junction,Prostate
Artery - Aorta,Brain - Hippocampus
Adrenal Gland,Small Intestine - Terminal Ileum
Brain - Caudate (basal ganglia),Brain - Amygdala
Brain - Cortex,Artery - Aorta
Stomach,Heart - Left Ventricle
Brain - Hippocampus,Esophagus - Mucosa
Brain - Putamen (basal ganglia),Muscle - Skeletal
Spleen,Ovary
Liver,Brain - Amygdala
Prostate,Cells - Transformed fibroblasts
Brain - Amygdala,Muscle - Skeletal
Adipose - Visceral (Omentum),Esophagus - Muscularis
Brain - Caudate (basal ganglia),Brain - Anterior cingulate cortex (BA24)
Artery - Tibial,Adipose - Subcutaneous
Whole Blood,Muscle - Skeletal
Brain - Cerebellar Hemisphere,Brain - Nucleus accumbens (basal ganglia)
Prostate,Whole Blood
Brain - Cortex,Brain - Putamen (basal ganglia)
Heart - Atrial Appendage,Brain - Cortex
Pituitary,Brain - Frontal Cortex (BA9)
Liver,Spleen
Skin - Sun Exposed (Lower leg),Brain - Putamen (basal ganglia)
Testis,Lung
Esophagus - Muscularis,Brain - Substantia nigra
Adipose - Subcutaneous,Nerve - Tibial
Esophagus - Mucosa,Kidney - Cortex
Whole Blood,Adrenal Gland
Brain - Cerebellar Hemisphere,Liver
Brain - Putamen (basal ganglia),Lung
Colon - Transverse,Adipose - Visceral (Omentum)
Brain - Anterior cingulate cortex (BA24),Brain - Amygdala
Vagina,Skin - Sun Exposed (Lower leg)
Brain - Amygdala,Brain - Caudate (basal ganglia)
Artery - Aorta,Colon - Transverse
Adrenal Gland,Breast - Mammary Tissue
Brain - Frontal Cortex (BA9),Artery - Tibial
Brain - Hippocampus,Breast - Mammary Tissue
Adipose - Visceral (Omentum),Adrenal Gland
Kidney - Cortex,Adipose - Visceral (Omentum)
Brain - Cerebellar Hemisphere,Uterus
Brain - Anterior cingulate cortex (BA24),Lung
Skin - Not Sun Exposed (Suprapubic),Artery - Tibial
Esophagus - Muscularis,Pancreas
Brain - Nucleus accumbens (basal ganglia),Whole Blood
Stomach,Pancreas
Brain - Frontal Cortex (BA9),Brain - Amygdala
Testis,Brain - Amygdala
Heart - Atrial Appendage,Spleen
Brain - Cerebellum,Brain - Cerebellar Hemisphere
Adipose - Subcutaneous,Cells - Transformed fibroblasts
Cells - Transformed fibroblasts,Artery - Coronary
Thyroid,Testis
Brain - Caudate (basal ganglia),Brain - Putamen (basal ganglia)
Skin - Sun Exposed (Lower leg),Brain - Hippocampus
Small Intestine - Terminal Ileum,Muscle - Skeletal
Testis,Adipose - Visceral (Omentum)
Brain - Frontal Cortex (BA9),Whole Blood
Esophagus - Muscularis,Muscle - Skeletal
Brain - Hypothalamus,Brain - Anterior cingulate cortex (BA24)
Nerve - Tibial,Adipose - Visceral (Omentum)
Thyroid,Kidney - Cortex
Cells - Transformed fibroblasts,Brain - Hypothalamus
Brain - Caudate (basal ganglia),Brain - Cerebellar Hemisphere
Adipose - Visceral (Omentum),Esophagus - Gastroesophageal Junction
Esophagus - Mucosa,Adrenal Gland
Brain - Cerebellum,Artery - Coronary
Esophagus - Gastroesophageal Junction,Lung
Liver,Lung
Stomach,Ovary
Heart - Left Ventricle,Liver
Heart - Atrial Appendage,Whole Blood
Skin - Not Sun Exposed (Suprapubic),Brain - Frontal Cortex (BA9)
Skin - Sun Exposed (Lower leg),Cells - Transformed fibroblasts
Colon - Sigmoid,Liver
Artery - Coronary,Cells - EBV-transformed lymphocytes
Nerve - Tibial,Testis
Skin - Not Sun Exposed (Suprapubic),Kidney - Cortex
Esophagus - Mucosa,Artery - Coronary
Cells - Transformed fibroblasts,Esophagus - Gastroesophageal Junction
Skin - Sun Exposed (Lower leg),Prostate
Thyroid,Adrenal Gland
Brain - Cortex,Whole Blood
Small Intestine - Terminal Ileum,Colon - Sigmoid
Esophagus - Muscularis,Lung
Artery - Coronary,Lung
Artery - Coronary,Breast - Mammary Tissue
Heart - Atrial Appendage,Pancreas
Vagina,Lung
Adipose - Subcutaneous,Adipose - Visceral (Omentum)
Pituitary,Nerve - Tibial
Pancreas,Ovary
Lung,Minor Salivary Gland
Heart - Left Ventricle,Adipose - Subcutaneous
Brain - Caudate (basal ganglia),Brain - Spinal cord (cervical c-1)
Esophagus - Mucosa,Breast - Mammary Tissue
Brain - Anterior cingulate cortex (BA24),Brain - Cerebellar Hemisphere
Esophagus - Gastroesophageal Junction,Muscle - Skeletal
Testis,Cells - Transformed fibroblasts
Esophagus - Gastroesophageal Junction,Adipose - Visceral (Omentum)
Brain - Hypothalamus,Colon - Sigmoid
Esophagus - Mucosa,Brain - Nucleus accumbens (basal ganglia)
Brain - Hippocampus,Minor Salivary Gland
Thyroid,Brain - Hippocampus
Muscle - Skeletal,Skin - Not Sun Exposed (Suprapubic)
Whole Blood,Pancreas
Pituitary,Brain - Hippocampus
Minor Salivary Gland,Cells - Transformed fibroblasts
Brain - Hypothalamus,Adipose - Subcutaneous
Artery - Coronary,Skin - Sun Exposed (Lower leg)
Testis,Brain - Cerebellar Hemisphere
Prostate,Esophagus - Mucosa
Brain - Caudate (basal ganglia),Esophagus - Mucosa
Brain - Anterior cingulate cortex (BA24),Cells - Transformed fibroblasts
Esophagus - Gastroesophageal Junction,Adrenal Gland
Liver,Breast - Mammary Tissue
Brain - Spinal cord (cervical c-1),Whole Blood
Esophagus - Gastroesophageal Junction,Small Intestine - Terminal Ileum
Esophagus - Mucosa,Small Intestine - Terminal Ileum
Lung,Colon - Transverse
Colon - Sigmoid,Small Intestine - Terminal Ileum
Ovary,Colon - Transverse
Testis,Nerve - Tibial
Breast - Mammary Tissue,Cells - Transformed fibroblasts
Adipose - Visceral (Omentum),Artery - Coronary
Adipose - Subcutaneous,Lung
Ovary,Brain - Cerebellum
Esophagus - Gastroesophageal Junction,Minor Salivary Gland
Liver,Adipose - Visceral (Omentum)
Thyroid,Ovary
Adrenal Gland,Esophagus - Muscularis
Brain - Cerebellar Hemisphere,Adipose - Visceral (Omentum)
Small Intestine - Terminal Ileum,Minor Salivary Gland
Heart - Atrial Appendage,Brain - Anterior cingulate cortex (BA24)
Thyroid,Adipose - Visceral (Omentum)
Minor Salivary Gland,Nerve - Tibial
Brain - Amygdala,Cells - Transformed fibroblasts
Brain - Cerebellar Hemisphere,Brain - Hippocampus
Artery - Coronary,Brain - Nucleus accumbens (basal ganglia)
Esophagus - Mucosa,Brain - Putamen (basal ganglia)
Vagina,Esophagus - Gastroesophageal Junction
Brain - Hypothalamus,Brain - Caudate (basal ganglia)
Small Intestine - Terminal Ileum,Stomach
Esophagus - Gastroesophageal Junction,Cells - Transformed fibroblasts
Heart - Left Ventricle,Testis
Brain - Anterior cingulate cortex (BA24),Esophagus - Mucosa
Spleen,Esophagus - Muscularis
Esophagus - Gastroesophageal Junction,Esophagus - Muscularis
Pancreas,Colon - Transverse
Muscle - Skeletal,Testis
Adrenal Gland,Uterus
Lung,Colon - Sigmoid
Brain - Anterior cingulate cortex (BA24),Adipose - Visceral (Omentum)
Artery - Tibial,Small Intestine - Terminal Ileum
Brain - Putamen (basal ganglia),Breast - Mammary Tissue
Muscle - Skeletal,Brain - Cerebellar Hemisphere
Skin - Not Sun Exposed (Suprapubic),Brain - Nucleus accumbens (basal ganglia)
Testis,Adrenal Gland
Brain - Hypothalamus,Brain - Frontal Cortex (BA9)
Artery - Tibial,Brain - Anterior cingulate cortex (BA24)
Nerve - Tibial,Liver
Esophagus - Gastroesophageal Junction,Nerve - Tibial
Vagina,Cells - Transformed fibroblasts
Brain - Spinal cord (cervical c-1),Brain - Caudate (basal ganglia)
Esophagus - Muscularis,Brain - Putamen (basal ganglia)
Brain - Hippocampus,Colon - Sigmoid
Artery - Aorta,Whole Blood
Pancreas,Cells - Transformed fibroblasts
Artery - Coronary,Artery - Tibial
Artery - Coronary,Brain - Cortex
Brain - Cerebellar Hemisphere,Brain - Anterior cingulate cortex (BA24)
Brain - Frontal Cortex (BA9),Artery - Coronary
Breast - Mammary Tissue,Brain - Cerebellar Hemisphere
Brain - Anterior cingulate cortex (BA24),Esophagus - Muscularis
Brain - Putamen (basal ganglia),Artery - Coronary
Liver,Adipose - Subcutaneous
Heart - Atrial Appendage,Skin - Sun Exposed (Lower leg)
Brain - Cerebellar Hemisphere,Heart - Left Ventricle
Vagina,Heart - Left Ventricle
Lung,Liver
Skin - Not Sun Exposed (Suprapubic),Uterus
Esophagus - Mucosa,Muscle - Skeletal
Breast - Mammary Tissue,Minor Salivary Gland
Vagina,Nerve - Tibial
Small Intestine - Terminal Ileum,Adipose - Subcutaneous
Brain - Spinal cord (cervical c-1),Artery - Aorta
Pituitary,Artery - Aorta
Small Intestine - Terminal Ileum,Pancreas
Stomach,Brain - Frontal Cortex (BA9)
Ovary,Pancreas
Ovary,Breast - Mammary Tissue
Artery - Coronary,Brain - Hippocampus
Skin - Sun Exposed (Lower leg),Brain - Anterior cingulate cortex (BA24)
Esophagus - Muscularis,Esophagus - Mucosa
Adipose - Subcutaneous,Brain - Cortex
Testis,Esophagus - Muscularis
Brain - Spinal cord (cervical c-1),Skin - Sun Exposed (Lower leg)
Brain - Cerebellum,Nerve - Tibial
Adipose - Visceral (Omentum),Ovary
Artery - Aorta,Brain - Spinal cord (cervical c-1)
Brain - Frontal Cortex (BA9),Liver
Vagina,Colon - Sigmoid
Pancreas,Artery - Tibial
Prostate,Artery - Tibial
Spleen,Colon - Transverse
Brain - Anterior cingulate cortex (BA24),Adipose - Subcutaneous
Brain - Hypothalamus,Pituitary
Brain - Cerebellum,Prostate
Small Intestine - Terminal Ileum,Artery - Aorta
Whole Blood,Minor Salivary Gland
Skin - Sun Exposed (Lower leg),Kidney - Cortex
Brain - Cortex,Brain - Caudate (basal ganglia)
Whole Blood,Artery - Tibial
Adipose - Subcutaneous,Brain - Anterior cingulate cortex (BA24)
Colon - Transverse,Cells - Transformed fibroblasts
Brain - Cerebellum,Skin - Not Sun Exposed (Suprapubic)
Skin - Sun Exposed (Lower leg),Brain - Nucleus accumbens (basal ganglia)
Artery - Aorta,Small Intestine - Terminal Ileum
Brain - Putamen (basal ganglia),Heart - Atrial Appendage
Vagina,Adrenal Gland
Esophagus - Gastroesophageal Junction,Brain - Amygdala
Skin - Sun Exposed (Lower leg),Brain - Cerebellar Hemisphere
Heart - Left Ventricle,Vagina
Breast - Mammary Tissue,Esophagus - Gastroesophageal Junction
Adrenal Gland,Artery - Coronary
Brain - Spinal cord (cervical c-1),Pituitary
Stomach,Prostate
Muscle - Skeletal,Vagina
Esophagus - Mucosa,Artery - Aorta
Nerve - Tibial,Minor Salivary Gland
Adipose - Subcutaneous,Cells - EBV-transformed lymphocytes
Whole Blood,Esophagus - Gastroesophageal Junction
Artery - Tibial,Whole Blood
Artery - Aorta,Breast - Mammary Tissue
Spleen,Nerve - Tibial
Nerve - Tibial,Artery - Tibial
Brain - Cerebellar Hemisphere,Brain - Hypothalamus
Cells - Transformed fibroblasts,Colon - Sigmoid
Pancreas,Artery - Aorta
Adrenal Gland,Colon - Sigmoid
Skin - Not Sun Exposed (Suprapubic),Esophagus - Gastroesophageal Junction
Lung,Brain - Caudate (basal ganglia)
Brain - Cerebellum,Pituitary
Artery - Tibial,Brain - Putamen (basal ganglia)
Breast - Mammary Tissue,Muscle - Skeletal
Vagina,Brain - Cerebellum
Artery - Aorta,Ovary
Brain - Putamen (basal ganglia),Artery - Tibial
Colon - Sigmoid,Heart - Atrial Appendage
Muscle - Skeletal,Colon - Sigmoid
Spleen,Prostate
Heart - Left Ventricle,Uterus
Cells - Transformed fibroblasts,Muscle - Skeletal
Breast - Mammary Tissue,Artery - Aorta
Adipose - Subcutaneous,Testis
Pituitary,Brain - Cortex
Skin - Sun Exposed (Lower leg),Esophagus - Gastroesophageal Junction
Heart - Left Ventricle,Lung
Muscle - Skeletal,Adipose - Subcutaneous
Brain - Putamen (basal ganglia),Brain - Amygdala
Thyroid,Esophagus - Gastroesophageal Junction
Brain - Cerebellum,Heart - Atrial Appendage
Vagina,Brain - Nucleus accumbens (basal ganglia)
Esophagus - Mucosa,Brain - Substantia nigra
Thyroid,Nerve - Tibial
Whole Blood,Brain - Hippocampus
Adipose - Subcutaneous,Artery - Coronary
Stomach,Adipose - Subcutaneous
Brain - Nucleus accumbens (basal ganglia),Heart - Left Ventricle
Ovary,Muscle - Skeletal
Esophagus - Gastroesophageal Junction,Whole Blood
Adrenal Gland,Pancreas
Lung,Muscle - Skeletal
Brain - Hypothalamus,Colon - Transverse
Testis,Muscle - Skeletal
Esophagus - Mucosa,Cells - Transformed fibroblasts
Nerve - Tibial,Cells - EBV-transformed lymphocytes
Brain - Cortex,Minor Salivary Gland
Skin - Not Sun Exposed (Suprapubic),Brain - Cerebellum
Esophagus - Muscularis,Brain - Frontal Cortex (BA9)
Brain - Cortex,Pituitary
Testis,Brain - Cortex
Skin - Sun Exposed (Lower leg),Adipose - Visceral (Omentum)
Cells - Transformed fibroblasts,Lung
Brain - Putamen (basal ganglia),Adipose - Subcutaneous
Adipose - Visceral (Omentum),Cells - Transformed fibroblasts
Muscle - Skeletal,Brain - Caudate (basal ganglia)
Pancreas,Uterus
Prostate,Esophagus - Muscularis
Brain - Cortex,Esophagus - Gastroesophageal Junction
Heart - Atrial Appendage,Artery - Aorta
Esophagus - Mucosa,Esophagus - Gastroesophageal Junction
Brain - Cerebellar Hemisphere,Muscle - Skeletal
Spleen,Artery - Aorta
Whole Blood,Liver
Esophagus - Mucosa,Nerve - Tibial
Muscle - Skeletal,Colon - Transverse
Cells - Transformed fibroblasts,Brain - Nucleus accumbens (basal ganglia)
Brain - Caudate (basal ganglia),Heart - Atrial Appendage
Adipose - Subcutaneous,Kidney - Cortex
Spleen,Muscle - Skeletal
Adipose - Visceral (Omentum),Minor Salivary Gland
Adrenal Gland,Vagina
Brain - Cerebellum,Heart - Left Ventricle
Brain - Cerebellum,Brain - Cortex
Adipose - Visceral (Omentum),Artery - Tibial
Spleen,Colon - Sigmoid
Esophagus - Mucosa,Spleen
Adipose - Visceral (Omentum),Small Intestine - Terminal Ileum
Adipose - Subcutaneous,Brain - Frontal Cortex (BA9)
Muscle - Skeletal,Brain - Substantia nigra
Brain - Cerebellum,Brain - Caudate (basal ganglia)
Artery - Coronary,Uterus
Brain - Nucleus accumbens (basal ganglia),Muscle - Skeletal
Colon - Transverse,Spleen
Testis,Brain - Putamen (basal ganglia)
Skin - Sun Exposed (Lower leg),Adrenal Gland
Muscle - Skeletal,Brain - Frontal Cortex (BA9)
Brain - Spinal cord (cervical c-1),Esophagus - Mucosa
Brain - Caudate (basal ganglia),Whole Blood
Artery - Tibial,Uterus
Heart - Left Ventricle,Brain - Putamen (basal ganglia)
Whole Blood,Brain - Anterior cingulate cortex (BA24)
Testis,Brain - Spinal cord (cervical c-1)
Adipose - Subcutaneous,Esophagus - Mucosa
Esophagus - Mucosa,Colon - Transverse
Esophagus - Muscularis,Ovary
Heart - Atrial Appendage,Esophagus - Gastroesophageal Junction
Spleen,Vagina
Esophagus - Gastroesophageal Junction,Brain - Cortex
Colon - Transverse,Esophagus - Gastroesophageal Junction
Esophagus - Gastroesophageal Junction,Breast - Mammary Tissue
Skin - Not Sun Exposed (Suprapubic),Cells - Transformed fibroblasts
Brain - Frontal Cortex (BA9),Adipose - Visceral (Omentum)
Skin - Not Sun Exposed (Suprapubic),Pituitary
Lung,Brain - Hypothalamus
Brain - Frontal Cortex (BA9),Muscle - Skeletal
Skin - Sun Exposed (Lower leg),Liver
Brain - Putamen (basal ganglia),Brain - Cortex
Whole Blood,Pituitary
Stomach,Nerve - Tibial
Esophagus - Muscularis,Colon - Transverse
Colon - Transverse,Muscle - Skeletal
Stomach,Colon - Transverse
Skin - Not Sun Exposed (Suprapubic),Stomach
Brain - Hypothalamus,Whole Blood
Ovary,Adrenal Gland
Heart - Atrial Appendage,Muscle - Skeletal
Kidney - Cortex,Artery - Tibial
Thyroid,Colon - Transverse
Brain - Hippocampus,Muscle - Skeletal
Vagina,Muscle - Skeletal
Uterus,Brain - Nucleus accumbens (basal ganglia)
Brain - Hypothalamus,Muscle - Skeletal
Brain - Spinal cord (cervical c-1),Heart - Left Ventricle
Testis,Esophagus - Mucosa
Prostate,Pituitary
Esophagus - Mucosa,Brain - Hippocampus
Spleen,Heart - Left Ventricle
Breast - Mammary Tissue,Colon - Transverse
Heart - Left Ventricle,Adrenal Gland
Muscle - Skeletal,Nerve - Tibial
Vagina,Artery - Aorta
Uterus,Ovary
Muscle - Skeletal,Heart - Left Ventricle
Small Intestine - Terminal Ileum,Artery - Tibial
Heart - Atrial Appendage,Brain - Frontal Cortex (BA9)
Adipose - Subcutaneous,Brain - Putamen (basal ganglia)
Cells - Transformed fibroblasts,Esophagus - Muscularis
Artery - Aorta,Heart - Atrial Appendage
Lung,Brain - Substantia nigra
Uterus,Adipose - Visceral (Omentum)
Cells - Transformed fibroblasts,Cells - EBV-transformed lymphocytes
Brain - Cortex,Adipose - Visceral (Omentum)
Heart - Left Ventricle,Colon - Transverse
Artery - Coronary,Adrenal Gland
Testis,Brain - Frontal Cortex (BA9)
Skin - Sun Exposed (Lower leg),Brain - Cerebellum
Artery - Tibial,Prostate
Artery - Aorta,Artery - Tibial
Skin - Not Sun Exposed (Suprapubic),Spleen
Muscle - Skeletal,Brain - Putamen (basal ganglia)
Thyroid,Breast - Mammary Tissue
Artery - Tibial,Cells - EBV-transformed lymphocytes
Brain - Spinal cord (cervical c-1),Brain - Substantia nigra
Thyroid,Artery - Coronary
Skin - Not Sun Exposed (Suprapubic),Minor Salivary Gland
Minor Salivary Gland,Muscle - Skeletal
Whole Blood,Colon - Sigmoid
Lung,Esophagus - Muscularis
Brain - Cerebellar Hemisphere,Esophagus - Gastroesophageal Junction
Ovary,Esophagus - Muscularis
Whole Blood,Cells - EBV-transformed lymphocytes
Adrenal Gland,Prostate
Small Intestine - Terminal Ileum,Esophagus - Gastroesophageal Junction
Brain - Spinal cord (cervical c-1),Artery - Tibial
Esophagus - Mucosa,Adipose - Subcutaneous
Esophagus - Gastroesophageal Junction,Adipose - Subcutaneous
Pituitary,Brain - Hypothalamus
Prostate,Small Intestine - Terminal Ileum
Artery - Aorta,Esophagus - Mucosa
Breast - Mammary Tissue,Cells - EBV-transformed lymphocytes
Adrenal Gland,Lung
Adipose - Subcutaneous,Brain - Cerebellum
Brain - Nucleus accumbens (basal ganglia),Nerve - Tibial
Esophagus - Gastroesophageal Junction,Brain - Nucleus accumbens (basal ganglia)
Brain - Spinal cord (cervical c-1),Brain - Amygdala
Breast - Mammary Tissue,Liver
Heart - Atrial Appendage,Colon - Transverse
Esophagus - Mucosa,Ovary
Brain - Nucleus accumbens (basal ganglia),Brain - Cerebellar Hemisphere
Brain - Frontal Cortex (BA9),Brain - Cerebellar Hemisphere
Muscle - Skeletal,Brain - Cerebellum
Lung,Nerve - Tibial
Brain - Spinal cord (cervical c-1),Adipose - Visceral (Omentum)
Adipose - Subcutaneous,Artery - Tibial
Adipose - Visceral (Omentum),Colon - Transverse
Small Intestine - Terminal Ileum,Spleen
Thyroid,Brain - Putamen (basal ganglia)
Brain - Hypothalamus,Prostate
Esophagus - Mucosa,Pancreas
Adipose - Subcutaneous,Minor Salivary Gland
Skin - Sun Exposed (Lower leg),Colon - Transverse
Heart - Atrial Appendage,Brain - Hypothalamus
Skin - Not Sun Exposed (Suprapubic),Brain - Caudate (basal ganglia)
Artery - Coronary,Heart - Left Ventricle
Muscle - Skeletal,Artery - Aorta
Stomach,Liver
Muscle - Skeletal,Artery - Coronary
Whole Blood,Colon - Transverse
Whole Blood,Brain - Caudate (basal ganglia)
Skin - Not Sun Exposed (Suprapubic),Lung
Brain - Cerebellum,Liver
Artery - Tibial,Brain - Spinal cord (cervical c-1)
Brain - Cerebellum,Colon - Sigmoid
Heart - Left Ventricle,Artery - Coronary
Brain - Amygdala,Heart - Left Ventricle
Brain - Cerebellum,Cells - EBV-transformed lymphocytes
Testis,Brain - Hypothalamus
Brain - Amygdala,Brain - Cortex
Thyroid,Adipose - Subcutaneous
Breast - Mammary Tissue,Brain - Cerebellum
Minor Salivary Gland,Breast - Mammary Tissue
Cells - Transformed fibroblasts,Colon - Transverse
Muscle - Skeletal,Esophagus - Muscularis
Skin - Sun Exposed (Lower leg),Heart - Left Ventricle
Whole Blood,Heart - Left Ventricle
Prostate,Brain - Caudate (basal ganglia)
Whole Blood,Brain - Cortex
Muscle - Skeletal,Liver
Heart - Atrial Appendage,Colon - Sigmoid
Vagina,Stomach
Brain - Caudate (basal ganglia),Breast - Mammary Tissue
Brain - Cerebellar Hemisphere,Brain - Cerebellum
Heart - Atrial Appendage,Brain - Cerebellum
Brain - Cortex,Nerve - Tibial
Colon - Sigmoid,Pituitary
Testis,Brain - Cerebellum
Skin - Not Sun Exposed (Suprapubic),Adipose - Subcutaneous
Skin - Sun Exposed (Lower leg),Brain - Frontal Cortex (BA9)
Heart - Left Ventricle,Pancreas
Skin - Sun Exposed (Lower leg),Cells - EBV-transformed lymphocytes
Brain - Spinal cord (cervical c-1),Nerve - Tibial
Brain - Hippocampus,Artery - Tibial
Esophagus - Muscularis,Cells - Transformed fibroblasts
Artery - Coronary,Cells - Transformed fibroblasts
Liver,Minor Salivary Gland
Heart - Atrial Appendage,Brain - Spinal cord (cervical c-1)
Lung,Artery - Aorta
Artery - Coronary,Colon - Sigmoid
Brain - Hypothalamus,Brain - Spinal cord (cervical c-1)
Colon - Sigmoid,Breast - Mammary Tissue
Brain - Cerebellum,Colon - Transverse
Small Intestine - Terminal Ileum,Lung
Vagina,Colon - Transverse
Nerve - Tibial,Esophagus - Gastroesophageal Junction
Heart - Left Ventricle,Artery - Tibial
Breast - Mammary Tissue,Brain - Hypothalamus
Stomach,Vagina
Muscle - Skeletal,Adrenal Gland
Stomach,Brain - Cortex
Spleen,Cells - EBV-transformed lymphocytes
Brain - Spinal cord (cervical c-1),Brain - Cerebellar Hemisphere
Heart - Left Ventricle,Artery - Aorta
Brain - Cerebellar Hemisphere,Breast - Mammary Tissue
Small Intestine - Terminal Ileum,Cells - EBV-transformed lymphocytes
Brain - Hypothalamus,Brain - Nucleus accumbens (basal ganglia)
Testis,Whole Blood
Pituitary,Esophagus - Mucosa
Brain - Nucleus accumbens (basal ganglia),Brain - Amygdala
Skin - Sun Exposed (Lower leg),Brain - Spinal cord (cervical c-1)
Esophagus - Gastroesophageal Junction,Colon - Sigmoid
Heart - Atrial Appendage,Nerve - Tibial
Artery - Coronary,Pituitary
Brain - Frontal Cortex (BA9),Cells - Transformed fibroblasts
Adipose - Visceral (Omentum),Pancreas
Heart - Left Ventricle,Esophagus - Gastroesophageal Junction
Artery - Tibial,Heart - Left Ventricle
Brain - Frontal Cortex (BA9),Heart - Atrial Appendage
Esophagus - Mucosa,Brain - Cortex
Adrenal Gland,Cells - EBV-transformed lymphocytes
Brain - Caudate (basal ganglia),Brain - Substantia nigra
Brain - Putamen (basal ganglia),Uterus
Breast - Mammary Tissue,Brain - Frontal Cortex (BA9)
Cells - Transformed fibroblasts,Brain - Caudate (basal ganglia)
Colon - Transverse,Colon - Sigmoid
Brain - Amygdala,Lung
Brain - Cerebellum,Brain - Hypothalamus
Cells - Transformed fibroblasts,Pancreas
Uterus,Artery - Coronary
Artery - Tibial,Vagina
Whole Blood,Lung
Brain - Frontal Cortex (BA9),Breast - Mammary Tissue
Brain - Cerebellar Hemisphere,Brain - Frontal Cortex (BA9)
Brain - Cortex,Liver
Stomach,Lung
Uterus,Nerve - Tibial
Skin - Sun Exposed (Lower leg),Brain - Hypothalamus
Lung,Brain - Putamen (basal ganglia)
Colon - Transverse,Nerve - Tibial
Spleen,Heart - Atrial Appendage
Brain - Cortex,Brain - Frontal Cortex (BA9)
Artery - Coronary,Minor Salivary Gland
Esophagus - Muscularis,Adrenal Gland
Stomach,Whole Blood
Testis,Colon - Sigmoid
Artery - Tibial,Artery - Coronary
Brain - Cerebellar Hemisphere,Esophagus - Mucosa
Brain - Frontal Cortex (BA9),Adipose - Subcutaneous
Esophagus - Gastroesophageal Junction,Heart - Left Ventricle
Cells - Transformed fibroblasts,Artery - Aorta
Heart - Atrial Appendage,Stomach
Cells - Transformed fibroblasts,Artery - Tibial
Esophagus - Muscularis,Brain - Cerebellar Hemisphere
Artery - Aorta,Cells - Transformed fibroblasts
Brain - Cerebellum,Skin - Sun Exposed (Lower leg)
Artery - Tibial,Adipose - Visceral (Omentum)
Brain - Hypothalamus,Brain - Cortex
Vagina,Pancreas
Cells - Transformed fibroblasts,Brain - Amygdala
Whole Blood,Adipose - Visceral (Omentum)
Breast - Mammary Tissue,Colon - Sigmoid
Brain - Cortex,Adrenal Gland
Brain - Hippocampus,Brain - Spinal cord (cervical c-1)
Minor Salivary Gland,Colon - Transverse
Skin - Not Sun Exposed (Suprapubic),Esophagus - Muscularis
Artery - Aorta,Spleen
Esophagus - Muscularis,Prostate
Prostate,Adipose - Visceral (Omentum)
Liver,Cells - EBV-transformed lymphocytes
Brain - Cerebellar Hemisphere,Brain - Putamen (basal ganglia)
Small Intestine - Terminal Ileum,Adrenal Gland
